{
  "installed": {
    "client_id": "795515679439-cm426jnivhm4oumogj8kk2j96biq9nhk.apps.googleusercontent.com",
    "project_id": "quickstart-1589209009078",
    "auth_uri": "https://accounts.google.com/o/oauth2/auth",
    "token_uri": "https://oauth2.googleapis.com/token",
    "auth_provider_x509_cert_url": "https://www.googleapis.com/oauth2/v1/certs",
    "client_secret": "iCeepsRzjJe5q1s4IIJ-DmVl",
    "redirect_uris": [
      "urn:ietf:wg:oauth:2.0:oob",
      "http://localhost"
    ]
  }
}